title,author,date_read,date_added,rating,num_pages,avg_rating,read_count,date_published,date_started
Save the Cat! Writes a Novel,"Brody, Jessica",,2023-07-13,,320.0,4.51,0,2018-01-01,
Solito,"Zamora, Javier",,2023-07-12,,384.0,4.5,0,2022-09-06,
Don't Shoot the Dog! : The New Art of Teaching and Training,karen-pryor,,2023-07-12,,202.0,4.26,0,,
"Random Acts of Medicine: The Hidden Forces That Sway Doctors, Impact Patients, and Shape Our Health","Jena, Anupam B.",,2023-07-11,,320.0,4.04,0,2023-07-11,
Do Hard Things: Why We Get Resilience Wrong and the Surprising Science of Real Toughness,"Magness, Steve",,2023-07-11,,320.0,3.91,0,,
Built to Move: The Ten Essential Habits to Help You Move Freely and Live Fully,"Starrett, Kelly",,2023-06-21,,336.0,4.29,0,2023-04-11,
"The Courage to Be Disliked: How to Free Yourself, Change your Life and Achieve Real Happiness","Kishimi, Ichiro",,2023-06-20,,288.0,4.05,0,2013-12-12,
The Patriarch: The Remarkable Life and Turbulent Times of Joseph P. Kennedy,"Nasaw, David",,2023-06-19,,868.0,4.07,0,2012-11-13,
Steve Jobs,"Isaacson, Walter",,2023-06-19,,630.0,4.16,0,2011-10-01,
Liar's Poker,"Lewis, Michael",2023-06-12,2023-06-12,3.0,310.0,4.15,1,1989-10-17,
I Will Teach You to Be Rich: No Guilt. No Excuses. No BS. Just a 6-Week Program That Works,"Sethi, Ramit",2023-06-07,2023-06-07,3.0,352.0,4.16,1,2009-01-01,
Man's Search for Meaning,"Frankl, Viktor E.",,2023-06-06,,165.0,4.37,0,,
I Don't Want to Talk About It: Overcoming the Secret Legacy of Male Depression,"Real, Terrence",,2023-05-28,,384.0,4.31,0,1997-01-01,
Anatomy of a Breakthrough: How to Get Unstuck When It Matters Most,"Alter, Adam",2023-07-11,2023-05-19,3.0,316.0,4.18,1,,
Feeling Good: The New Mood Therapy,"Burns, David D.",,2023-05-16,,736.0,4.04,0,,
Excellent Advice for Living: Wisdom I Wish I'd Known Earlier,"Kelly, Kevin",,2023-05-13,,224.0,4.3,0,,
Life Worth Living: A Guide to What Matters Most,"Volf, Miroslav",,2023-04-28,,352.0,3.78,0,,
Write Useful Books: A modern approach to designing and refining recommendable nonfiction,"Fitzpatrick, Rob",,2023-04-25,,158.0,4.56,0,,
Africa Is Not a Country: Notes on a Bright Continent,"Faloyin, Dipo",2023-05-13,2023-04-24,4.0,400.0,4.46,1,2022-04-07,
The Ride of a Lifetime: Lessons Learned from 15 Years as CEO of the Walt Disney Company,"Iger, Robert",2023-06-19,2023-04-19,4.0,272.0,4.42,1,2019-09-23,
"How to Do the Work: Recognize Your Patterns, Heal from Your Past, and Create Your Self","LePera, Nicole",,2023-04-18,,320.0,4.15,0,2021-03-09,
Outlive: The Science and Art of Longevity,"Attia, Peter",2023-05-28,2023-04-15,5.0,496.0,4.46,1,2023-03-28,
"Red Rising
        (Red Rising Saga, #1)","Brown, Pierce",,2023-04-04,,382.0,4.26,0,2014-01-28,
Stardust,"Gaiman, Neil",,2023-04-04,,248.0,4.1,0,,
Nobody Wants to Read Your Sh*t: Why That Is And What You Can Do About It,"Pressfield, Steven",,2023-04-04,,210.0,4.21,0,,
"A Swim in a Pond in the Rain: In Which Four Russians Give a Master Class on Writing, Reading, and Life","Saunders, George",,2023-04-04,,403.0,4.55,0,2021-01-12,
"Storyworthy: Engage, Teach, Persuade, and Change Your Life through the Power of Storytelling","Dicks, Matthew",,2023-04-04,,368.0,4.28,0,2018-06-15,
"Values in Therapy: A Clinician’s Guide to Helping Clients Explore Values, Increase Psychological Flexibility, and Live a More Meaningful Life","LeJeune, Jenna",,2023-04-03,,232.0,4.4,0,,
What I Talk About When I Talk About Running,"Murakami, Haruki",2023-05-27,2023-04-03,3.0,188.0,3.87,1,2007-10-15,
Consider This: Moments in My Writing Life After Which Everything Was Different,"Palahniuk, Chuck",2023-05-19,2023-04-03,4.0,256.0,4.38,1,2020-01-07,
"In Her Nature: How Women Break Boundaries in the Great Outdoors: A Past, Present and Personal Story","Hewitt, Rachel",,2023-04-01,,513.0,4.24,0,2023-04-20,
Going to Pieces without Falling Apart: A Buddhist Perspective on Wholeness,"Epstein, Mark",,2023-03-18,,200.0,3.86,0,1998-06-15,
"Tomorrow, and Tomorrow, and Tomorrow","Zevin, Gabrielle",2023-03-16,2023-03-16,5.0,401.0,4.23,1,2022-07-05,
What's Our Problem?: A Self-Help Book for Societies,"Urban, Tim",,2023-03-14,,746.0,4.31,0,2023-02-21,
Lords of Finance: The Bankers Who Broke the World,"Ahamed, Liaquat",,2023-03-10,,564.0,4.02,0,,
Too Big to Fail: The Inside Story of How Wall Street and Washington Fought to Save the Financial System from Crisis — and Themselves,"Sorkin, Andrew Ross",,2023-03-10,,600.0,4.14,0,2009-10-20,
"A Wrinkle in Time
        (Time Quintet, #1)","L'Engle, Madeleine",2023-03-29,2023-03-08,3.0,218.0,3.99,1,,2023-03-20
Bad City: Peril and Power in the City of Angels,"Pringle, Paul",2023-04-14,2023-03-08,5.0,304.0,4.23,1,2022-07-19,
"The Myth of Experience: Why We Learn the Wrong Lessons, and Ways to Correct Them","Soyer, Emre",,2023-03-07,,272.0,3.77,0,,
The Last Green Valley,"Sullivan, Mark T.",,2023-03-04,,423.0,4.5,0,2021-05-04,
"Good Morning, Monster: A Therapist Shares Five Heroic Stories of Emotional Recovery","Gildiner, Catherine",,2023-03-04,,368.0,4.46,0,2020-09-22,
American Kingpin: The Epic Hunt for the Criminal Mastermind Behind the Silk Road,"Bilton, Nick",2023-03-11,2023-02-22,4.0,328.0,4.4,1,2017-05-02,
"Empire of the Summer Moon: Quanah Parker and the Rise and Fall of the Comanches, the Most Powerful Indian Tribe in American History","Gwynne, S.C.",,2023-02-22,,371.0,4.22,0,2010-03-25,
Slouching Towards Bethlehem,"Didion, Joan",2023-02-21,2023-02-21,3.0,238.0,4.19,1,,
Never Let Me Go,"Ishiguro, Kazuo",,2023-02-15,,288.0,3.84,0,2005-04-05,
The Dead Zone,"King, Stephen",,2023-02-06,,402.0,3.96,0,1979-08-30,
The Creative Act: A Way of Being,"Rubin, Rick",,2023-02-05,,406.0,4.17,0,2023-01-17,
Rework,"Fried, Jason",,2023-02-03,,279.0,3.97,0,2010-11-02,
Being Mortal: Medicine and What Matters in the End,"Gawande, Atul",2023-04-22,2023-02-02,5.0,282.0,4.48,1,2014-10-07,
A Moveable Feast,"Hemingway, Ernest",,2023-02-02,,192.0,4.02,0,,
City of Thieves,"Benioff, David",2023-05-05,2023-02-02,4.0,258.0,4.29,1,2008-05-15,
Caste: The Origins of Our Discontents,"Wilkerson, Isabel",,2023-02-02,,496.0,4.54,0,2020-08-04,
"Titan: The Life of John D. Rockefeller, Sr.","Chernow, Ron",,2023-01-27,,832.0,4.16,0,1998-05-05,
Seeking Wisdom: From Darwin To Munger,"Bevelin, Peter",,2023-01-24,,318.0,4.23,0,,
Good for a Girl: A Woman Running in a Man's World,"Fleshman, Lauren",2023-04-17,2023-01-24,4.0,288.0,4.54,1,2023-01-10,
The Coddling of the American Mind: How Good Intentions and Bad Ideas Are Setting Up a Generation for Failure,"Haidt, Jonathan",,2023-01-18,,352.0,4.25,0,2018-07-17,
"Other Minds: The Octopus, the Sea, and the Deep Origins of Consciousness","Godfrey-Smith, Peter",,2023-01-15,,257.0,3.88,0,2016-12-06,
War on Peace: The End of Diplomacy and the Decline of American Influence,"Farrow, Ronan",,2023-01-14,,392.0,4.16,0,2018-04-24,
The Last Lecture,"Pausch, Randy",,2023-01-13,,217.0,4.26,0,2008-04-08,
In Order to Live: A North Korean Girl's Journey to Freedom,"Park, Yeonmi",,2023-01-12,,273.0,4.49,0,2015-09-25,
Circe,"Miller, Madeline",2023-05-30,2023-01-12,4.0,393.0,4.25,1,2018-04-10,
Of Wolves and Men,"Lopez, Barry",,2023-01-10,,320.0,4.21,0,,
Stories of Your Life and Others,"Chiang, Ted",,2023-01-10,,281.0,4.26,0,2002-07-05,
Die with Zero: Getting All You Can from Your Money and Your Life,"Perkins, Bill",2023-02-13,2023-01-10,3.0,240.0,3.95,1,2020-07-28,
Tribe: On Homecoming and Belonging,"Junger, Sebastian ",,2023-01-10,,182.0,4.02,0,2016-06-21,
"Enemy at the Gates
        (Mitch Rapp, #20)","Mills, Kyle",2023-01-03,2023-01-03,3.0,384.0,4.43,1,2021-09-14,2023-01-03
"Denali: A Man, a Dog, and the Friendship of a Lifetime","Moon, Ben",2023-01-20,2023-01-03,3.0,288.0,4.08,1,2020-01-14,
"The Rise and Fall of American Growth: The U.S. Standard of Living since the Civil War
        (The Princeton Economic History of the Western World, 60)","Gordon, Robert J.",,2023-01-02,,784.0,4.19,0,2016-01-26,
The Hard Thing About Hard Things: Building a Business When There Are No Easy Answers,"Horowitz, Ben",,2023-01-02,,304.0,4.22,0,2014-10-01,
"Total Power
        (Mitch Rapp, #19)","Mills, Kyle",2022-12-29,2022-12-30,4.0,380.0,4.29,1,2020-09-15,2022-12-28
"The Upside of Stress: Why Stress Is Good for You, and How to Get Good at It","McGonigal, Kelly",,2022-12-28,,294.0,4.07,0,2012-03-19,
The Remains of the Day,"Ishiguro, Kazuo",2023-01-08,2022-12-28,3.0,258.0,4.14,1,1989-05-01,
The Spy and the Traitor: The Greatest Espionage Story of the Cold War,"Macintyre, Ben",2023-04-12,2022-12-27,5.0,384.0,4.51,1,2018-09-18,
"Neverwhere
        (London Below, #1)","Gaiman, Neil",,2022-12-27,,370.0,4.17,0,1996-09-16,
Sea of Tranquility,"Mandel, Emily St. John",2022-12-25,2022-12-21,4.0,259.0,4.11,1,2022-04-05,
Blood and Oil: Mohammed bin Salman's Ruthless Quest for Global Power,"Hope, Bradley",2023-02-20,2022-12-21,4.0,368.0,4.27,1,2020-09-01,
All the Shah's Men: An American Coup and the Roots of Middle East Terror,"Kinzer, Stephen",,2022-12-18,,272.0,4.28,0,2003-07-17,
Where the Crawdads Sing,"Owens, Delia",2022-12-08,2022-12-08,5.0,384.0,4.4,1,2018-08-14,
We Were Dreamers: An Immigrant Superhero Origin Story,"Liu, Simu",2022-12-25,2022-12-08,4.0,320.0,4.39,1,2022-05-17,
"The Biggest Bluff: How I Learned to Pay Attention, Master Myself, and Win","Konnikova, Maria",,2022-12-06,,368.0,4.08,0,2020-06-23,
Quit: The Power of Knowing When to Walk Away,"Duke, Annie",2023-02-01,2022-12-06,4.0,336.0,4.23,1,,
Exhalation,"Chiang, Ted",2023-03-05,2022-12-03,5.0,368.0,4.28,1,2019-05-07,
The Wayfinders: Why Ancient Wisdom Matters in the Modern World,"Davis, Wade",,2022-12-02,,262.0,4.24,0,2009-10-01,
"Just So: Money, Materialism, and the Ineffable, Intelligent Universe","Watts, Alan W.",,2022-12-02,,216.0,4.29,0,2020-02-25,
Hillbilly Elegy: A Memoir of a Family and Culture in Crisis,"Vance, J.D.",,2022-11-02,,264.0,3.87,0,2016-06-28,
The Righteous Mind: Why Good People Are Divided by Politics and Religion,"Haidt, Jonathan",,2022-11-02,,419.0,4.21,0,2012-03-13,
"What Happened To You?: Conversations on Trauma, Resilience, and Healing","Perry, Bruce D.",2022-11-24,2022-10-29,5.0,304.0,4.46,1,2021-04-27,
"Freezing Order: A True Story of Money Laundering, Murder, and Surviving Vladimir Putin's Wrath","Browder, Bill",2022-10-29,2022-10-23,5.0,336.0,4.33,1,2022-04-12,
"Build for Tomorrow: An Action Plan for Embracing Change, Adapting Fast, and Future-Proofing Your Career","Feifer, Jason",,2022-10-20,,272.0,4.02,0,,
Finding Flow: The Psychology Of Engagement With Everyday Life,"Csikszentmihalhi, Mihaly",,2022-10-18,,143.0,4.11,0,,
Flow: The Psychology of Optimal Experience,"Csikszentmihalyi, Mihaly",,2022-10-04,,303.0,4.1,0,1990-01-01,
Sharp Objects,"Flynn, Gillian",2022-11-20,2022-10-04,4.0,254.0,4.01,1,2006-09-26,
Influence: The Psychology of Persuasion,"Cialdini, Robert B.",,2022-10-03,,320.0,4.21,0,,
"Red Notice: A True Story of High Finance, Murder, and One Man's Fight for Justice","Browder, Bill",2022-10-13,2022-09-22,5.0,380.0,4.44,1,2015-02-03,
Liberation Day: Stories,"Saunders, George",,2022-09-21,,256.0,4.0,0,2022-10-18,
The Ocean at the End of the Lane,"Gaiman, Neil",2022-10-24,2022-09-19,4.0,181.0,4.02,1,2013-06-18,
Good Strategy Bad Strategy: The Difference and Why It Matters,"Rumelt, Richard P.",,2022-09-19,,320.0,4.13,0,2011-01-01,
The Personal MBA: Master the Art of Business,"Kaufman, Josh",,2022-09-19,,416.0,4.11,0,2010-12-01,
I'm Glad My Mom Died,"McCurdy, Jennette",2022-09-12,2022-09-12,5.0,320.0,4.5,1,2022-08-09,
Undaunted: Overcoming Doubts and Doubters,"Goldin, Kara",,2022-09-06,,240.0,4.15,0,2020-10-20,
On Grief and Grieving: Finding the Meaning of Grief Through the Five Stages of Loss,"Kübler-Ross, Elisabeth",2022-09-26,2022-09-04,3.0,256.0,4.33,1,2005-01-01,2022-09-15
"Creativity, Inc.: Overcoming the Unseen Forces That Stand in the Way of True Inspiration","Catmull, Ed",,2022-09-04,,368.0,4.21,0,2014-07-24,
The Founders: The Story of Paypal and the Entrepreneurs Who Shaped Silicon Valley,"Soni, Jimmy",2022-09-04,2022-09-04,5.0,496.0,4.23,1,2022-02-01,
The Innovation Stack: Building an Unbeatable Business One Crazy Idea at a Time,"McKelvey, Jim",,2022-08-22,,288.0,4.22,0,,
One Small Step Can Change Your Life: The Kaizen Way,"Maurer, Robert",2022-08-16,2022-08-16,3.0,228.0,4.0,1,2009-01-01,
Wanting: The Power of Mimetic Desire in Everyday Life,"Burgis, Luke",,2022-08-14,,304.0,3.82,0,2021-06-01,
"Guns, Germs, and Steel: The Fates of Human Societies","Diamond, Jared",,2022-08-13,,498.0,4.04,0,1997-05-09,
The Power Law: Venture Capital and the Making of the New Future,"Mallaby, Sebastian",2022-12-18,2022-08-08,4.0,496.0,4.43,1,2022-01-25,
Homo Deus: A History of Tomorrow,"Harari, Yuval Noah",2022-10-08,2022-07-31,4.0,450.0,4.22,1,,
Never Give Up: My Life in the Wild,"Grylls, Bear",2022-07-22,2022-07-23,3.0,336.0,3.89,1,,
Embracing Defeat: Japan in the Wake of World War II,"Dower, John W.",,2022-07-16,,676.0,4.14,0,1999-03-01,
In the Realm of Hungry Ghosts: Close Encounters with Addiction,"Maté, Gabor",,2022-07-10,,480.0,4.5,0,2007-02-12,
Norwegian Wood,"Murakami, Haruki",2022-07-09,2022-07-09,4.0,296.0,4.02,1,1987-09-04,
"How the World Really Works: A Scientist's Guide to Our Past, Present and Future","Smil, Vaclav",,2022-06-25,,,3.99,0,2022-05-10,
Build: An Unorthodox Guide to Making Things Worth Making,"Fadell, Tony",2022-09-05,2022-06-20,4.0,416.0,4.35,1,,2022-08-24
Stolen Focus: Why You Can't Pay Attention- and How to Think Deeply Again,"Hari, Johann",2023-04-06,2022-06-20,3.0,357.0,4.26,1,2022-01-06,
"The Three-Body Problem
        (Remembrance of Earth’s Past, #1)","Liu, Cixin",2022-08-20,2022-05-21,4.0,399.0,4.09,1,2006-05-01,2022-08-16
The Wind-Up Bird Chronicle,"Murakami, Haruki",2022-06-20,2022-05-15,3.0,607.0,4.15,1,1994-04-12,2022-05-15
Hard-Boiled Wonderland and the End of the World,"Murakami, Haruki",2022-05-07,2022-05-07,4.0,400.0,4.13,1,1985-06-15,
The Paper Menagerie and Other Stories,"Liu, Ken",2022-10-09,2022-05-06,4.0,450.0,4.37,1,2016-03-08,
Why Fish Don't Exist,"Miller, Lulu",2022-05-21,2022-05-06,3.0,225.0,4.18,1,2020-04-14,
Burn Rate: Launching a Startup and Losing My Mind,"Dunn, Andy",2022-07-10,2022-04-29,5.0,304.0,4.43,1,,2022-07-10
The Omnivore's Dilemma: A Natural History of Four Meals,"Pollan, Michael",,2022-04-25,,450.0,4.18,0,2006-04-11,
The Stranger,"Camus, Albert",2022-03-27,2022-03-27,,159.0,4.01,1,1942-05-19,
The Body: A Guide for Occupants,"Bryson, Bill",,2022-03-25,,450.0,4.31,0,2019-10-15,
Why We Sleep: Unlocking the Power of Sleep and Dreams,"Walker, Matthew",2023-01-29,2022-03-25,4.0,368.0,4.38,1,2017-09-28,2022-03-27
Ham on Rye,"Bukowski, Charles",,2022-03-20,,288.0,4.15,0,1982-09-01,
"The Molecule of More: How a Single Chemical in Your Brain Drives Love, Sex, and Creativity—and Will Determine the Fate of the Human Race","Lieberman, Daniel Z.",,2022-03-20,,240.0,4.17,0,,
Maybe You Should Talk to Someone,"Gottlieb, Lori",2022-08-07,2022-03-19,5.0,415.0,4.38,1,2019-04-02,
All the Light We Cannot See,"Doerr, Anthony",2022-04-21,2022-03-10,5.0,531.0,4.32,1,2014-05-06,2022-04-19
"From the Ashes: My Story of Being Métis, Homeless, and Finding My Way","Thistle, Jesse",2022-04-24,2022-03-09,5.0,368.0,4.5,1,2019-08-06,2022-04-21
Out of the Shadows: A Memoir,"Nagy, Timea E.",,2022-03-09,,361.0,4.61,0,2019-05-28,
Infinite Jest,"Wallace, David Foster",,2022-03-09,,1.0,4.26,0,1996-02-01,
Consider the Lobster and Other Essays,"Wallace, David Foster",,2022-03-05,,343.0,4.18,0,2005-12-13,
Atlas of the Heart: Mapping Meaningful Connection and the Language of Human Experience,"Brown, Brené",,2022-03-03,,301.0,4.33,0,2021-11-30,
A River Runs Through It and Other Stories,"Maclean, Norman",,2022-02-22,,217.0,4.18,0,,
Mindset: The New Psychology of Success,"Dweck, Carol S.",,2022-02-22,,276.0,4.09,0,,
Antifragile: Things That Gain from Disorder,"Taleb, Nassim Nicholas",2022-02-15,2022-02-15,4.0,426.0,4.09,1,2012-11-27,
Four Thousand Weeks: Time Management for Mortals,"Burkeman, Oliver",2022-04-09,2022-02-15,4.0,273.0,4.24,1,2021-08-10,
The Order of Time,"Rovelli, Carlo",2022-02-21,2022-02-14,4.0,240.0,4.12,1,2017-05-25,2022-02-15
Principles For Dealing With the Changing World Order: Why Nations Succeed and Fail,"Dalio, Ray",2022-03-04,2022-02-13,4.0,576.0,4.3,1,,2022-02-13
A Very Punchable Face,"Jost, Colin",2022-03-07,2022-02-13,5.0,312.0,4.22,1,2020-07-14,2022-03-05
The Power of Regret: How Looking Backward Moves Us Forward,"Pink, Daniel H.",,2022-02-10,,239.0,3.85,0,2022-02-01,
Factfulness: Ten Reasons We're Wrong About the World – and Why Things Are Better Than You Think,"Rosling, Hans",2022-03-12,2022-02-08,5.0,342.0,4.36,1,2018-04-03,
How to Be Perfect: The Correct Answer to Every Moral Question,"Schur, Michael",2022-03-09,2022-02-06,5.0,304.0,4.16,1,2022-01-25,2022-03-05
"Zero to One: Notes on Startups, or How to Build the Future","Thiel, Peter",2022-03-09,2022-02-06,3.0,195.0,4.18,1,2014-09-16,
The Lords of Easy Money: How the Federal Reserve Broke the American Economy,"Leonard, Christopher",,2022-02-04,,,4.36,0,2022-01-11,
Bird by Bird,"Lamott, Anne",2023-07-07,2022-02-03,4.0,237.0,4.23,1,1994-05-05,
On Writing: A Memoir of the Craft,"King, Stephen",2023-02-08,2022-02-03,4.0,320.0,4.33,1,,
On Earth We're Briefly Gorgeous,"Vuong, Ocean",2022-03-16,2022-02-03,4.0,246.0,4.05,1,2019-06-04,
Atomic Habits: An Easy & Proven Way to Build Good Habits & Break Bad Ones,"Clear, James",2022-01-24,2022-01-20,4.0,319.0,4.37,1,2018-10-18,2022-01-20
Evicted: Poverty and Profit in the American City,"Desmond, Matthew",2022-02-12,2022-01-18,4.0,418.0,4.47,1,2016-03-01,2022-01-25
Nomadland: Surviving America in the Twenty-First Century,"Bruder, Jessica",,2022-01-18,,288.0,4.04,0,2017-09-19,
Ada Blackjack: A True Story of Survival in the Arctic,"Niven, Jennifer",,2022-01-18,,431.0,3.95,0,2003-11-12,
My Body,"Ratajkowski, Emily",2022-01-16,2022-01-12,5.0,239.0,4.05,1,2021-11-09,
That Will Never Work: The Birth of Netflix and the Amazing Life of an Idea,"Randolph, Marc",,2022-01-12,,336.0,4.21,0,2019-09-17,
The Psychology of Money,"Housel, Morgan",2022-04-21,2022-01-09,5.0,252.0,4.36,1,,2022-04-19
Thing Explainer: Complicated Stuff in Simple Words,"Munroe, Randall",,2021-12-27,,64.0,4.14,0,2015-11-24,
Reality is Not What it Seems: The Journey to Quantum Gravity,"Rovelli, Carlo",,2021-12-27,,256.0,4.33,0,2014-01-01,
The Sovereign Individual: Mastering the Transition to the Information Age,"Davidson, James Dale",,2021-12-27,,448.0,4.2,0,,
Six Easy Pieces: Essentials of Physics By Its Most Brilliant Teacher,"Feynman, Richard",,2021-12-27,,138.0,4.21,0,,
The Bed of Procrustes: Philosophical and Practical Aphorisms,"Taleb, Nassim Nicholas",,2021-12-27,,112.0,3.79,0,2010-11-30,
Skin in the Game: The Hidden Asymmetries in Daily Life,"Taleb, Nassim Nicholas",2022-05-15,2021-12-27,4.0,272.0,3.9,1,2018-06-01,
The Rational Optimist: How Prosperity Evolves,"Ridley, Matt",,2021-12-27,,448.0,3.98,0,,
"Endure: Mind, Body, and the Curiously Elastic Limits of Human Performance","Hutchinson, Alex",2022-01-03,2021-12-25,4.0,333.0,4.14,1,2018-02-06,
"Chatter: The Voice in Our Head, Why It Matters, and How to Harness It","Kross, Ethan",2022-01-09,2021-12-25,4.0,272.0,3.99,1,2021-01-26,2022-01-05
The Happiness Hypothesis: Finding Modern Truth in Ancient Wisdom,"Haidt, Jonathan",2022-11-16,2021-12-25,4.0,297.0,4.1,1,2006-12-01,
Behave: The Biology of Humans at Our Best and Worst,"Sapolsky, Robert M.",,2021-12-22,,790.0,4.42,0,2017-05-02,
Draft No. 4: On the Writing Process,"McPhee, John",2022-09-05,2021-12-22,3.0,208.0,4.1,1,,
"The Bomber Mafia: A Dream, a Temptation, and the Longest Night of the Second World War","Gladwell, Malcolm",2022-01-13,2021-12-22,3.0,256.0,4.03,1,2021-04-27,
"Ghost Wars: The Secret History of the CIA, Afghanistan, and Bin Laden from the Soviet Invasion to September 10, 2001","Coll, Steve",,2021-12-22,,712.0,4.31,0,2004-02-23,
"Mistakes Were Made (But Not by Me): Why We Justify Foolish Beliefs, Bad Decisions, and Hurtful Acts","Tavris, Carol",2022-11-30,2021-12-22,5.0,304.0,4.03,1,,
The Sixth Extinction: An Unnatural History,"Kolbert, Elizabeth",2022-03-31,2021-12-22,5.0,336.0,4.15,1,2014-02-11,2022-03-18
Breath: The New Science of a Lost Art,"Nestor, James",,2021-12-22,,280.0,4.15,0,2020-05-26,
Sapiens: A Brief History of Humankind,"Harari, Yuval Noah",2022-07-24,2021-12-22,4.0,512.0,4.37,1,,2022-06-19
A Guide to the Good Life: The Ancient Art of Stoic Joy,"Irvine, William B.",2021-12-22,2021-12-22,3.0,326.0,4.19,1,2008-11-04,2021-12-22
The Dawn of Everything: A New History of Humanity,"Graeber, David",,2021-12-22,,692.0,4.2,0,2021-10-19,
Think Like a Monk: Train Your Mind for Peace and Purpose Every Day,"Shetty, Jay",2022-02-06,2021-12-18,3.0,328.0,4.23,1,2020-09-08,2022-01-17
Project Hail Mary,"Weir, Andy",2021-12-19,2021-12-18,3.0,476.0,4.52,1,2021-05-04,
The Beginning of Infinity: Explanations That Transform the World,"Deutsch, David",,2021-12-17,,487.0,4.18,0,2011-03-01,
The Almanack of Naval Ravikant: A Guide to Wealth and Happiness,"Jorgenson, Eric",2021-12-27,2021-12-13,4.0,244.0,4.47,1,2020-08-15,2021-12-22
The Alchemist,"Coelho, Paulo",,2021-12-12,3.0,182.0,3.9,1,,
The Catcher in the Rye,"Salinger, J.D.",,2021-12-12,4.0,277.0,3.8,1,1951-07-16,
Animal Farm,"Orwell, George",,2021-12-12,3.0,128.0,3.98,1,1945-08-17,
1984,"Orwell, George",,2021-12-12,5.0,298.0,4.19,1,1949-06-08,
"The Comfort Crisis: Embrace Discomfort To Reclaim Your Wild, Happy, Healthy Self","Easter, Michael",2021-12-26,2021-12-12,5.0,304.0,4.37,1,,2021-12-24
"The Hitchhiker's Guide to the Galaxy
        (The Hitchhiker's Guide to the Galaxy, #1)","Adams, Douglas",2022-01-05,2021-12-08,4.0,193.0,4.23,1,1979-10-12,2022-01-04
Originals: How Non-Conformists Move the World,"Grant, Adam M.",2021-11-18,2021-11-18,5.0,326.0,3.96,1,2016-02-02,
Eat a Peach,"Chang, David",2021-11-21,2021-11-13,4.0,288.0,3.9,1,2020-09-08,
Notes from a Young Black Chef,"Onwuachi, Kwame",2021-11-13,2021-11-13,4.0,288.0,4.02,1,2019-04-09,2021-01-01
Heavy,"Laymon, Kiese",2019-06-03,2021-11-03,5.0,241.0,4.48,1,2018-10-16,
Barbarian Days: A Surfing Life,"Finnegan, William",2019-02-15,2021-11-03,5.0,447.0,4.26,1,2015-07-21,
The Master Plan: My Journey from Life in Prison to a Life of Purpose,"Wilson, Chris",2019-04-01,2021-11-03,5.0,424.0,4.63,1,2019-02-05,
Principles: Life and Work,"Dalio, Ray",2019-07-03,2021-11-03,4.0,592.0,4.12,1,2017-09-19,
The Subtle Art of Not Giving a F*ck: A Counterintuitive Approach to Living a Good Life,"Manson, Mark",2019-07-08,2021-11-03,3.0,212.0,3.9,1,2016-09-13,
On the Road,"Kerouac, Jack",2019-10-06,2021-11-03,3.0,307.0,3.62,1,1957-09-05,
Range: Why Generalists Triumph in a Specialized World,"Epstein, David",2019-10-26,2021-11-03,4.0,352.0,4.14,1,2019-05-28,
Lincoln's Melancholy: How Depression Challenged a President and Fueled His Greatness,"Shenk, Joshua Wolf",2019-12-13,2021-11-03,4.0,368.0,3.9,1,2005-09-22,
Natural Born Heroes: How a Daring Band of Misfits Mastered the Lost Secrets of Strength and Endurance,"McDougall, Christopher",2020-01-04,2021-11-03,5.0,337.0,3.84,1,2013-09-05,
"Lethal Agent
        (Mitch Rapp, #18)","Mills, Kyle",2020-01-12,2021-11-03,5.0,369.0,4.38,1,2019-09-24,
Ego Is the Enemy,"Holiday, Ryan",2020-01-26,2021-11-03,5.0,226.0,4.14,1,2016-06-14,
Stumbling on Happiness,"Gilbert, Daniel Todd",2020-02-14,2021-11-03,5.0,263.0,3.82,1,2006-05-02,
Thinking in Bets: Making Smarter Decisions When You Don't Have All the Facts,"Duke, Annie",2020-03-04,2021-11-03,4.0,288.0,3.83,1,2018-02-02,
Everything is F*cked: A Book About Hope,"Manson, Mark",2020-04-21,2021-11-03,4.0,288.0,3.7,1,2019-03-05,
Travels with Charley: In Search of America,"Steinbeck, John",2020-05-16,2021-11-03,4.0,214.0,4.07,1,,
Stillness Is the Key,"Holiday, Ryan",2020-05-25,2021-11-03,3.0,288.0,4.22,1,2019-10-01,
Notes on a Nervous Planet,"Haig, Matt",2020-05-30,2021-11-03,3.0,288.0,3.98,1,2018-07-05,
Life 3.0: Being Human in the Age of Artificial Intelligence,"Tegmark, Max",2020-06-19,2021-11-03,4.0,12.0,4.02,1,2017-08-23,
"Less
        (Arthur Less, #1)","Greer, Andrew Sean",2020-06-19,2021-11-03,4.0,273.0,3.65,1,2017-07-18,
The Obstacle Is the Way: The Timeless Art of Turning Trials into Triumph,"Holiday, Ryan",2020-07-18,2021-11-03,3.0,201.0,4.15,1,2014-05-01,
Between Two Kingdoms: A Memoir of a Life Interrupted,"Jaouad, Suleika",2021-12-04,2021-11-02,5.0,352.0,4.43,1,2021-02-09,
How to Win Friends and Influence People,"Carnegie, Dale",2019-07-04,2021-11-02,4.0,288.0,4.22,1,1936-10-01,
Shoe Dog: A Memoir by the Creator of Nike,"Knight, Phil",2018-01-01,2021-11-02,5.0,400.0,4.47,1,2016-04-24,
Educated,"Westover, Tara",2018-05-10,2021-11-02,5.0,352.0,4.47,1,2018-02-20,
Islands in the Stream,"Hemingway, Ernest",2020-07-24,2021-11-02,3.0,448.0,3.88,1,,
The Old Man and the Sea,"Hemingway, Ernest",2020-07-25,2021-11-02,3.0,96.0,3.8,1,,
Tell Me More: Stories About the 12 Hardest Things I'm Learning to Say,"Corrigan, Kelly",2020-07-31,2021-11-02,5.0,240.0,4.18,1,2018-01-09,
Slaughterhouse-Five,"Vonnegut Jr., Kurt",2020-08-27,2021-11-02,3.0,275.0,4.09,1,1969-03-31,
Good Economics for Hard Times: Better Answers to Our Biggest Problems,"Banerjee, Abhijit V.",2020-10-21,2021-11-02,4.0,417.0,4.24,2,2019-11-12,
Becoming Wise: An Inquiry into the Mystery and Art of Living,"Tippett, Krista",2020-12-18,2021-11-02,4.0,288.0,4.07,1,2016-04-05,
Blue Highways,"Heat-Moon, William Least",2020-12-06,2021-11-02,4.0,428.0,4.03,1,,
Where the Deer and the Antelope Play: The Pastoral Observations of One Ignorant American Who Loves to Walk Outside,"Offerman, Nick",2021-11-01,2021-11-01,3.0,352.0,3.71,1,2021-10-12,
The Lincoln Highway,"Towles, Amor",2021-10-19,2021-11-01,5.0,576.0,4.24,1,2021-10-05,
Greenlights,"McConaughey, Matthew",2021-10-17,2021-11-01,5.0,308.0,4.21,1,2020-10-20,
The Practice of Groundedness: A Transformative Path to Success That Feeds—Not Crushes—Your Soul,"Stulberg, Brad",2021-10-10,2021-11-01,3.0,288.0,4.13,1,2021-09-07,
Talking to Strangers: What We Should Know About the People We Don’t Know,"Gladwell, Malcolm",2021-07-17,2021-11-01,5.0,388.0,4.02,1,2019-09-10,
Think Again: The Power of Knowing What You Don't Know,"Grant, Adam M.",2021-06-27,2021-11-01,5.0,307.0,4.23,1,2021-02-02,
My First Summer in the Sierra,"Muir, John",2021-06-09,2021-11-01,3.0,160.0,4.07,1,,
"How to Kill a City: Gentrification, Inequality, and the Fight for the Neighborhood","Moskowitz, Peter",2021-04-04,2021-11-01,4.0,272.0,4.11,1,2017-03-07,
When Breath Becomes Air,"Kalanithi, Paul",2021-03-20,2021-11-01,5.0,208.0,4.39,1,2016-01-12,
Rules of Civility,"Towles, Amor",2021-03-14,2021-11-01,3.0,335.0,4.07,1,2011-07-26,
A Gentleman in Moscow,"Towles, Amor",2021-02-17,2021-11-01,5.0,462.0,4.33,1,2016-09-06,
The Black Swan: The Impact of the Highly Improbable,"Taleb, Nassim Nicholas",2021-01-25,2021-11-01,5.0,366.0,3.95,1,2007-04-17,
Born a Crime: Stories From a South African Childhood,"Noah, Trevor",2021-10-25,2021-11-01,5.0,289.0,4.49,1,2016-11-15,
